{
  "accuracy": {
    "1": 0.831316313,
    "10": 0.9598640584,
    "11": 0.9603945623,
    "12": 0.9598143236,
    "13": 0.962102122,
    "14": 0.9612732095,
    "15": 0.962433687,
    "16": 0.9598640584,
    "17": 0.9590683024,
    "18": 0.9606432361,
    "19": 0.9611074271,
    "2": 0.925,
    "20": 0.9611903183,
    "3": 0.9460212202,
    "4": 0.9540948276,
    "5": 0.9580901857,
    "6": 0.9587035809,
    "7": 0.9618534483,
    "8": 0.9611405836,
    "9": 0.9596485411
  },
  "aft_time": {
    "1": 2.8708388805,
    "10": 2.8322389126,
    "11": 3.0382053852,
    "12": 3.0492231846,
    "13": 2.9397623539,
    "14": 2.8457536697,
    "15": 2.8695340157,
    "16": 2.8796613216,
    "17": 2.8997621536,
    "18": 2.849237442,
    "19": 2.9115409851,
    "2": 2.7310330868,
    "20": 2.9757573605,
    "3": 2.7705731392,
    "4": 3.0515873432,
    "5": 3.018501997,
    "6": 2.8525209427,
    "7": 2.9786643982,
    "8": 2.7971634865,
    "9": 2.8923940659
  },
  "begin_timestr": "2024-05-08-10-55-13",
  "device": "",
  "env_info": "",
  "epoch": 20,
  "f1_score": {
    "1": 0.7903636405,
    "10": 0.9537698241,
    "11": 0.9535762634,
    "12": 0.9527668303,
    "13": 0.9559908546,
    "14": 0.9553571887,
    "15": 0.9559335871,
    "16": 0.9536238527,
    "17": 0.9519046374,
    "18": 0.9541592314,
    "19": 0.954382655,
    "2": 0.9113719361,
    "20": 0.954744357,
    "3": 0.9362380507,
    "4": 0.945906053,
    "5": 0.9509595217,
    "6": 0.9510387841,
    "7": 0.954868576,
    "8": 0.9548231842,
    "9": 0.9519567715
  },
  "hyperparameter": {
    "batch_size": 32,
    "dataset": "test",
    "embedding_model": "text-embedding-3-small",
    "embedding_size": 3072,
    "epochs": 20,
    "learning_rate": 1e-05,
    "model": "LiHuNet",
    "num_workers": 0,
    "optim": "Lion",
    "weight_decay": 0.001
  },
  "log": "Training has begun!\nEpoch [1/20], time: 0.37s-7.26s-2.87s, train_loss: 0.5922, validate_loss: 0.4408, accuracy: 0.8313, precision: 0.8553, recall: 0.7475, F1_score: 0.7904\nEpoch [2/20], time: 0.34s-6.99s-2.73s, train_loss: 0.2859, validate_loss: 0.1979, accuracy: 0.9250, precision: 0.9218, recall: 0.9070, F1_score: 0.9114\nEpoch [3/20], time: 0.47s-6.93s-2.77s, train_loss: 0.1463, validate_loss: 0.1401, accuracy: 0.9460, precision: 0.9441, recall: 0.9330, F1_score: 0.9362\nEpoch [4/20], time: 0.35s-6.97s-3.05s, train_loss: 0.1088, validate_loss: 0.1221, accuracy: 0.9541, precision: 0.9490, recall: 0.9465, F1_score: 0.9459\nEpoch [5/20], time: 0.37s-7.07s-3.02s, train_loss: 0.0899, validate_loss: 0.1180, accuracy: 0.9581, precision: 0.9404, recall: 0.9651, F1_score: 0.9510\nEpoch [6/20], time: 0.36s-7.14s-2.85s, train_loss: 0.0777, validate_loss: 0.1128, accuracy: 0.9587, precision: 0.9518, recall: 0.9537, F1_score: 0.9510\nEpoch [7/20], time: 0.48s-7.20s-2.98s, train_loss: 0.0685, validate_loss: 0.1067, accuracy: 0.9619, precision: 0.9517, recall: 0.9615, F1_score: 0.9549\nEpoch [8/20], time: 0.35s-7.10s-2.80s, train_loss: 0.0605, validate_loss: 0.1055, accuracy: 0.9611, precision: 0.9491, recall: 0.9639, F1_score: 0.9548\nEpoch [9/20], time: 0.34s-7.30s-2.89s, train_loss: 0.0540, validate_loss: 0.1120, accuracy: 0.9596, precision: 0.9628, recall: 0.9447, F1_score: 0.9520\nEpoch [10/20], time: 0.36s-6.94s-2.83s, train_loss: 0.0496, validate_loss: 0.1169, accuracy: 0.9599, precision: 0.9400, recall: 0.9714, F1_score: 0.9538\nEpoch [11/20], time: 0.33s-6.97s-3.04s, train_loss: 0.0443, validate_loss: 0.1121, accuracy: 0.9604, precision: 0.9549, recall: 0.9555, F1_score: 0.9536\nEpoch [12/20], time: 0.54s-7.51s-3.05s, train_loss: 0.0410, validate_loss: 0.1153, accuracy: 0.9598, precision: 0.9570, recall: 0.9518, F1_score: 0.9528\nEpoch [13/20], time: 0.35s-6.96s-2.94s, train_loss: 0.0366, validate_loss: 0.1145, accuracy: 0.9621, precision: 0.9545, recall: 0.9607, F1_score: 0.9560\nEpoch [14/20], time: 0.34s-7.08s-2.85s, train_loss: 0.0335, validate_loss: 0.1212, accuracy: 0.9613, precision: 0.9457, recall: 0.9683, F1_score: 0.9554\nEpoch [15/20], time: 0.34s-6.97s-2.87s, train_loss: 0.0301, validate_loss: 0.1194, accuracy: 0.9624, precision: 0.9552, recall: 0.9597, F1_score: 0.9559\nEpoch [16/20], time: 0.36s-6.94s-2.88s, train_loss: 0.0273, validate_loss: 0.1335, accuracy: 0.9599, precision: 0.9403, recall: 0.9705, F1_score: 0.9536\nEpoch [17/20], time: 0.35s-6.95s-2.90s, train_loss: 0.0251, validate_loss: 0.1387, accuracy: 0.9591, precision: 0.9609, recall: 0.9465, F1_score: 0.9519\nEpoch [18/20], time: 0.40s-6.94s-2.85s, train_loss: 0.0231, validate_loss: 0.1389, accuracy: 0.9606, precision: 0.9514, recall: 0.9603, F1_score: 0.9542\nEpoch [19/20], time: 0.53s-7.33s-2.91s, train_loss: 0.0198, validate_loss: 0.1437, accuracy: 0.9611, precision: 0.9544, recall: 0.9576, F1_score: 0.9544\nEpoch [20/20], time: 0.37s-7.08s-2.98s, train_loss: 0.0186, validate_loss: 0.1439, accuracy: 0.9612, precision: 0.9483, recall: 0.9644, F1_score: 0.9547\nTraining has done using 7.69s-141.61s-58.05s.\nmin of validate_loss is [Epoch 8] 0.10546062458108924; max of F1_score is [Epoch 13] 0.9559908546422305.\n",
  "max_f1_score": [
    13,
    0.9559908546422305
  ],
  "min_val_loss": [
    8,
    0.10546062458108924
  ],
  "plots": {
    "accuracy": [
      [
        "accuracy",
        "blue"
      ],
      [
        "f1_score",
        "green"
      ]
    ],
    "loss": [
      [
        "train_loss",
        "orange"
      ],
      [
        "val_loss",
        "red"
      ]
    ]
  },
  "pre_time": {
    "1": 0.3658401966,
    "10": 0.3645508289,
    "11": 0.3306052685,
    "12": 0.5387721062,
    "13": 0.3471224308,
    "14": 0.3385214806,
    "15": 0.3388011456,
    "16": 0.355858326,
    "17": 0.3462512493,
    "18": 0.4011752605,
    "19": 0.5314648151,
    "2": 0.3410387039,
    "20": 0.3666603565,
    "3": 0.4672029018,
    "4": 0.3539528847,
    "5": 0.3676080704,
    "6": 0.3557007313,
    "7": 0.4776124954,
    "8": 0.3527760506,
    "9": 0.3445091248
  },
  "precision": {
    "1": 0.8552982882,
    "10": 0.9399807408,
    "11": 0.9548968788,
    "12": 0.9570400949,
    "13": 0.9545051378,
    "14": 0.9457387941,
    "15": 0.9552295729,
    "16": 0.9403391001,
    "17": 0.9609405473,
    "18": 0.9513837561,
    "19": 0.9543719354,
    "2": 0.9217806821,
    "20": 0.9483190871,
    "3": 0.9440910427,
    "4": 0.9490482101,
    "5": 0.9404405398,
    "6": 0.9518484717,
    "7": 0.9516966439,
    "8": 0.9491401752,
    "9": 0.9628098834
  },
  "recall": {
    "1": 0.7474752336,
    "10": 0.9714376993,
    "11": 0.9555174932,
    "12": 0.9518301284,
    "13": 0.9607408575,
    "14": 0.9682952759,
    "15": 0.959657626,
    "16": 0.9705293035,
    "17": 0.946549066,
    "18": 0.9602518092,
    "19": 0.9576407109,
    "2": 0.9070285363,
    "20": 0.9644370248,
    "3": 0.9330187987,
    "4": 0.9464975935,
    "5": 0.9650541818,
    "6": 0.9537122868,
    "7": 0.9615358248,
    "8": 0.9638736121,
    "9": 0.9447453798
  },
  "time_str": {
    "1": "2024-05-08-10-55-24",
    "10": "2024-05-08-10-56-57",
    "11": "2024-05-08-10-57-07",
    "12": "2024-05-08-10-57-18",
    "13": "2024-05-08-10-57-28",
    "14": "2024-05-08-10-57-39",
    "15": "2024-05-08-10-57-49",
    "16": "2024-05-08-10-57-59",
    "17": "2024-05-08-10-58-09",
    "18": "2024-05-08-10-58-19",
    "19": "2024-05-08-10-58-30",
    "2": "2024-05-08-10-55-34",
    "20": "2024-05-08-10-58-41",
    "3": "2024-05-08-10-55-44",
    "4": "2024-05-08-10-55-54",
    "5": "2024-05-08-10-56-05",
    "6": "2024-05-08-10-56-15",
    "7": "2024-05-08-10-56-26",
    "8": "2024-05-08-10-56-36",
    "9": "2024-05-08-10-56-47"
  },
  "train_loss": {
    "1": 0.592211263,
    "10": 0.0495938744,
    "11": 0.0443419768,
    "12": 0.0409773854,
    "13": 0.0365762514,
    "14": 0.0334587542,
    "15": 0.0300623227,
    "16": 0.0273170531,
    "17": 0.0250806999,
    "18": 0.0230733865,
    "19": 0.0198121196,
    "2": 0.2859403707,
    "20": 0.0185943584,
    "3": 0.1462561226,
    "4": 0.1087791503,