{
  "accuracy": {
    "1": 0.6354166667,
    "10": 0.9010416667,
    "11": 0.9010416667,
    "12": 0.921875,
    "13": 0.921875,
    "14": 0.9322916667,
    "15": 0.9166666667,
    "16": 0.9270833333,
    "17": 0.9322916667,
    "18": 0.9270833333,
    "19": 0.9270833333,
    "2": 0.8229166667,
    "20": 0.921875,
    "3": 0.8333333333,
    "4": 0.8541666667,
    "5": 0.875,
    "6": 0.8802083333,
    "7": 0.890625,
    "8": 0.890625,
    "9": 0.8958333333
  },
  "aft_time": {
    "1": 0.0546617508,
    "10": 0.0451526642,
    "11": 0.0511622429,
    "12": 0.0489223003,
    "13": 0.0474689007,
    "14": 0.045042038,
    "15": 0.0490601063,
    "16": 0.0482025146,
    "17": 0.0515837669,
    "18": 0.0499911308,
    "19": 0.0423817635,
    "2": 0.0457012653,
    "20": 0.0468895435,
    "3": 0.0507981777,
    "4": 0.0461671352,
    "5": 0.0475883484,
    "6": 0.0475592613,
    "7": 0.0479972363,
    "8": 0.0515501499,
    "9": 0.0510869026
  },
  "begin_timestr": "2024-05-09-22-14-34",
  "device": "",
  "env_info": "",
  "epoch": 20,
  "f1_score": {
    "1": 0.7515943686,
    "10": 0.9132730715,
    "11": 0.912898816,
    "12": 0.928610025,
    "13": 0.928610025,
    "14": 0.9367148831,
    "15": 0.9247482364,
    "16": 0.9357776481,
    "17": 0.9414900137,
    "18": 0.9374860097,
    "19": 0.9374860097,
    "2": 0.8601013682,
    "20": 0.9327511612,
    "3": 0.8666200654,
    "4": 0.8798738819,
    "5": 0.8958059098,
    "6": 0.9002622378,
    "7": 0.9055280174,
    "8": 0.9019641395,
    "9": 0.9080573294
  },
  "hyperparameter": {
    "batch_size": 32,
    "dataset": "test",
    "embedding_model": "text-embedding-3-small",
    "embedding_size": 3072,
    "epochs": 20,
    "learning_rate": 0.0001,
    "model": "LiHuNet",
    "num_workers": 0,
    "optim": "Lion",
    "weight_decay": 0.001
  },
  "log": "Training has begun!\nEpoch [1/20], time: 0.36s-0.15s-0.05s, train_loss: 0.6908, validate_loss: 0.6849, accuracy: 0.6354, precision: 0.6056, recall: 1.0000, F1_score: 0.7516\nEpoch [2/20], time: 0.40s-0.13s-0.05s, train_loss: 0.6744, validate_loss: 0.6652, accuracy: 0.8229, precision: 0.7611, recall: 0.9902, F1_score: 0.8601\nEpoch [3/20], time: 0.37s-0.13s-0.05s, train_loss: 0.6397, validate_loss: 0.6279, accuracy: 0.8333, precision: 0.7781, recall: 0.9829, F1_score: 0.8666\nEpoch [4/20], time: 0.38s-0.13s-0.05s, train_loss: 0.5847, validate_loss: 0.5765, accuracy: 0.8542, precision: 0.8201, recall: 0.9549, F1_score: 0.8799\nEpoch [5/20], time: 0.75s-0.13s-0.05s, train_loss: 0.5122, validate_loss: 0.5131, accuracy: 0.8750, precision: 0.8563, recall: 0.9465, F1_score: 0.8958\nEpoch [6/20], time: 0.37s-0.13s-0.05s, train_loss: 0.4260, validate_loss: 0.4436, accuracy: 0.8802, precision: 0.8636, recall: 0.9465, F1_score: 0.9003\nEpoch [7/20], time: 0.39s-0.15s-0.05s, train_loss: 0.3406, validate_loss: 0.3772, accuracy: 0.8906, precision: 0.8807, recall: 0.9367, F1_score: 0.9055\nEpoch [8/20], time: 0.50s-0.13s-0.05s, train_loss: 0.2585, validate_loss: 0.3175, accuracy: 0.8906, precision: 0.8926, recall: 0.9145, F1_score: 0.9020\nEpoch [9/20], time: 0.37s-0.16s-0.05s, train_loss: 0.1887, validate_loss: 0.2703, accuracy: 0.8958, precision: 0.8939, recall: 0.9256, F1_score: 0.9081\nEpoch [10/20], time: 0.37s-0.13s-0.05s, train_loss: 0.1354, validate_loss: 0.2363, accuracy: 0.9010, precision: 0.8959, recall: 0.9354, F1_score: 0.9133\nEpoch [11/20], time: 0.37s-0.16s-0.05s, train_loss: 0.0970, validate_loss: 0.2128, accuracy: 0.9010, precision: 0.9028, recall: 0.9282, F1_score: 0.9129\nEpoch [12/20], time: 0.36s-0.13s-0.05s, train_loss: 0.0658, validate_loss: 0.1974, accuracy: 0.9219, precision: 0.9237, recall: 0.9354, F1_score: 0.9286\nEpoch [13/20], time: 0.53s-0.13s-0.05s, train_loss: 0.0447, validate_loss: 0.1882, accuracy: 0.9219, precision: 0.9237, recall: 0.9354, F1_score: 0.9286\nEpoch [14/20], time: 0.39s-0.13s-0.05s, train_loss: 0.0273, validate_loss: 0.1875, accuracy: 0.9323, precision: 0.9315, recall: 0.9427, F1_score: 0.9367\nEpoch [15/20], time: 0.36s-0.20s-0.05s, train_loss: 0.0173, validate_loss: 0.1984, accuracy: 0.9167, precision: 0.9161, recall: 0.9354, F1_score: 0.9247\nEpoch [16/20], time: 0.39s-0.13s-0.05s, train_loss: 0.0089, validate_loss: 0.2201, accuracy: 0.9271, precision: 0.9185, recall: 0.9563, F1_score: 0.9358\nEpoch [17/20], time: 0.39s-0.14s-0.05s, train_loss: 0.0050, validate_loss: 0.2530, accuracy: 0.9323, precision: 0.9197, recall: 0.9674, F1_score: 0.9415\nEpoch [18/20], time: 0.55s-0.14s-0.05s, train_loss: 0.0023, validate_loss: 0.2966, accuracy: 0.9271, precision: 0.9127, recall: 0.9674, F1_score: 0.9375\nEpoch [19/20], time: 0.36s-0.13s-0.04s, train_loss: 0.0011, validate_loss: 0.3516, accuracy: 0.9271, precision: 0.9127, recall: 0.9674, F1_score: 0.9375\nEpoch [20/20], time: 0.37s-0.14s-0.05s, train_loss: 0.0004, validate_loss: 0.4165, accuracy: 0.9219, precision: 0.9045, recall: 0.9674, F1_score: 0.9328\nTraining has done using 8.32s-2.81s-0.97s.\nmin of validate_loss is [Epoch 14] 0.18752341996878386; max of F1_score is [Epoch 17] 0.9414900137192103.\n",
  "max_f1_score": [
    17,
    0.9414900137192103
  ],
  "min_val_loss": [
    14,
    0.18752341996878386
  ],
  "plots": {
    "accuracy": [
      [
        "accuracy",
        "blue"
      ],
      [
        "f1_score",
        "green"
      ]
    ],
    "loss": [
      [
        "train_loss",
        "orange"
      ],
      [
        "val_loss",
        "red"
      ]
    ]
  },
  "pre_time": {
    "1": 0.3584139347,
    "10": 0.3663249016,
    "11": 0.3661074638,
    "12": 0.363090992,
    "13": 0.5281383991,
    "14": 0.3866915703,
    "15": 0.362953186,
    "16": 0.3870737553,
    "17": 0.3863854408,
    "18": 0.552516222,
    "19": 0.363055706,
    "2": 0.4012465477,
    "20": 0.3690023422,
    "3": 0.3693048954,
    "4": 0.3770487309,
    "5": 0.7450864315,
    "6": 0.3723893166,
    "7": 0.3906066418,
    "8": 0.5016169548,
    "9": 0.3724379539
  },
  "precision": {
    "1": 0.6055672529,
    "10": 0.8959235209,
    "11": 0.9027777778,
    "12": 0.9236842105,
    "13": 0.9236842105,
    "14": 0.9314814815,
    "15": 0.916144528,
    "16": 0.9184593428,
    "17": 0.919684833,
    "18": 0.9126672891,
    "19": 0.9126672891,
    "2": 0.7611224658,
    "20": 0.9044973545,
    "3": 0.7780576911,
    "4": 0.8200652598,
    "5": 0.8563264221,
    "6": 0.8636363636,
    "7": 0.880736715,
    "8": 0.8925505051,
    "9": 0.8939393939
  },
  "recall": {
    "1": 1.0,
    "10": 0.935425547,
    "11": 0.9281791702,
    "12": 0.935425547,
    "13": 0.935425547,
    "14": 0.9426719238,
    "15": 0.935425547,
    "16": 0.9562588804,
    "17": 0.9673699915,
    "18": 0.9673699915,
    "19": 0.9673699915,
    "2": 0.9901960784,
    "20": 0.9673699915,
    "3": 0.9829497016,
    "4": 0.9548699915,
    "5": 0.9465366581,
    "6": 0.9465366581,
    "7": 0.9367327366,
    "8": 0.9145105144,
    "9": 0.9256216255
  },
  "time_str": {
    "1": "2024-05-09-22-14-34",
    "10": "2024-05-09-22-14-40",
    "11": "2024-05-09-22-14-40",
    "12": "2024-05-09-22-14-41",
    "13": "2024-05-09-22-14-42",
    "14": "2024-05-09-22-14-42",
    "15": "2024-05-09-22-14-43",
    "16": "2024-05-09-22-14-43",
    "17": "2024-05-09-22-14-44",
    "18": "2024-05-09-22-14-45",
    "19": "2024-05-09-22-14-45",
    "2": "2024-05-09-22-14-35",
    "20": "2024-05-09-22-14-46",
    "3": "2024-05-09-22-14-35",
    "4": "2024-05-09-22-14-36",
    "5": "2024-05-09-22-14-37",
    "6": "2024-05-09-22-14-37",
    "7": "2024-05-09-22-14-38",
    "8": "2024-05-09-22-14-39",
    "9": "2024-05-09-22-14-39"
  },
  "train_loss": {
    "1": 0.6907520982,
    "10": 0.1354328251,
    "11": 0.0969798055,
    "12": 0.0658000302,
    "13": 0.0446829557,
    "14": 0.0272503901,
    "15": 0.0173366504,
    "16": 0.0088502328,
    "17": 0.0050220602,
    "18": 0.0022714449,
    "19": 0.0011429264,
    "2": 0.6744027505,
    "20": 0.0004402155,
    "3": 0.6397341444,
    "4": 0.5847226198,
    "5": 0.5122017196,